Date,Open,High,Low,Close,Adj Close,Volume
41680,51.380001,52.450001,51.310001,52.240002,51.937321,4084600
41681,52.419998,52.59,51.990002,52.080002,51.778244,2586400
41682,52.080002,53.169998,52.080002,52.630001,52.325058,2734100
41683,52.200001,54.07,52.099998,53.619999,53.309322,5198400
41684,55,56.240002,54.18,55.599998,55.277847,6878500
41688,56,56.880001,55.27,56.790001,56.460953,4098200
41689,56.93,57.380001,56.57,56.790001,56.460953,3589000
41690,57.099998,57.799999,56.580002,56.740002,56.411243,4482000
41691,57.16,57.169998,55.549999,56.150002,55.824665,3420100
41694,56.439999,56.759998,55.540001,55.549999,55.228138,2982300
41695,55.919998,56.099998,55.07,56.02,55.695415,2726700
41696,56.099998,56.77,55.439999,55.549999,55.228138,3704200
41697,55.75,56.77,55.439999,56.599998,56.272053,2547900
41698,56.700001,56.830002,55.799999,56.23,55.904198,2293900
41701,55.740002,55.990002,54.919998,55.91,55.586056,1921500
41702,56.860001,57.93,56.389999,57.84,57.504871,2490200
41703,57.990002,58.169998,56.950001,57.580002,57.24638,2667000
41704,57.900002,59.93,57.810001,59.91,59.562878,4943600
41705,60,60.369999,57.84,58.560001,58.220699,4781000
41708,58.48,58.880001,56.950001,57.139999,56.808926,2924500
41709,58.09,58.91,56.470001,56.810001,56.480839,2913200
41710,56.509998,57.709999,55.900002,57.529999,57.196667,2152800
41711,57.849998,58.400002,56.43,57.349998,57.017708,3241800
41712,57.009998,58.200001,57.009998,57.619999,57.286144,2814400
41715,57.939999,59.360001,57.939999,58.41,58.071568,2697900
41716,58.560001,59.099998,57.93,58.73,58.389713,2657800
41717,58.900002,59.220001,58.34,58.860001,58.518959,2325900
41718,58.740002,59.849998,58.310001,59.849998,59.503223,2191600
41719,60.34,60.48,57.580002,57.970001,57.634117,3589400
41722,58.189999,58.630001,56.130001,56.439999,56.11298,3254800
41723,57.189999,58.099998,56.540001,56.950001,56.620026,2870200
41724,59.119999,60.310001,57.43,58.09,57.753422,5298400
41725,58.470001,58.470001,56.02,57.259998,56.92823,3208100
41726,57.830002,59.049999,57.310001,57.66,57.325912,2552700
41729,58.310001,59.580002,57.880001,58.810001,58.46925,2407400
41730,58.990002,61.279999,58.810001,60.93,60.576969,4070300
41731,61.990002,62.310001,60.689999,61.34,60.984592,3660600
41732,62.529999,63.349998,61.41,61.91,61.551285,4302900
41733,62.68,62.740002,57.040001,57.330002,56.997829,7039800
41736,56.48,57.290001,54.799999,55.720001,55.397152,5889100
41737,57.25,58.369999,55.900002,58.240002,57.902554,4189800
41738,60.119999,60.799999,58.610001,59.330002,58.986237,3436800
41739,59.700001,59.700001,57.290001,57.369999,57.037594,2822600
41740,56.099998,57.950001,55.52,56.220001,55.894257,3301700
41743,56.59,57.529999,55.68,56.400002,56.073215,2651700
41744,56.959999,58.310001,56.189999,57.630001,57.296089,2737000
41745,58.560001,58.560001,56.5,57.91,57.574463,1988300
41746,57.950001,59.139999,57.509998,58.200001,57.862782,2445700
41750,59.25,60.25,57.610001,60.09,59.741833,3425100
41751,60.470001,61.27,59.700001,60.619999,60.268761,3116800
41752,61,61.09,60.009998,60.52,60.169342,3162600
41753,62.099998,62.5,59.400002,62,61.640766,5078400
41754,61.450001,61.549999,58.549999,58.869999,58.5289,4209500
41757,59.349998,59.419998,56.610001,58.02,57.683826,4083100
41758,58.5,59.380001,57.689999,59.240002,58.896759,2221000
41759,59.09,59.650002,58.119999,59.619999,59.274559,2234800
41760,59.68,61.529999,59.619999,60.459999,60.109688,2748300
41761,61.16,62.279999,60.389999,61.779999,61.422039,2552500
41764,61.779999,61.779999,60.610001,61.220001,60.865288,1593600
41765,61.240002,61.52,60.419998,60.540001,60.189224,1704400
41766,60.560001,61.09,59.43,60.220001,59.871082,1992600
41767,60.099998,62.169998,59.799999,60.709999,60.358238,1993000
41768,60.389999,60.66,59.220001,59.77,59.423691,1717500
41771,60.5,63.41,60.369999,62.619999,62.257172,2929900
41772,62.860001,63.849998,60.450001,60.709999,60.358238,3632900
41773,59.990002,60.52,59.5,59.540001,59.195019,8447100
41774,59.450001,59.73,57.709999,59.650002,59.304386,5133100
41775,59.599998,60.5,59.080002,60.25,59.900906,3855600
41778,60.130001,60.990002,60.049999,60.540001,60.189224,4452500
41779,61.029999,61.509998,60.27,60.790001,60.437775,3183500
41780,60.830002,61.41,59.650002,60.41,60.059978,3170500
41781,60.029999,61.169998,59.889999,60.540001,60.189224,2069100
41782,60.84,61.790001,60.099998,61.66,61.302734,2242200
41786,62.009998,62.66,61.689999,62.41,62.048393,2926200
41787,62.549999,62.669998,61.509998,61.810001,61.451866,2450500
41788,61.939999,62.529999,61.75,62.029999,61.670589,2097100
41789,62.380001,62.560001,61.740002,62.099998,61.740185,1972700
41792,62.360001,62.509998,61.310001,62.400002,62.038452,1841100
41793,62.040001,62.950001,61.77,62.689999,62.326767,1844800
41794,62.09,62.720001,61.790001,62.5,62.137871,2965300
41795,63,63.810001,62.450001,63.400002,63.032658,3376300
41796,64.519997,64.690002,63.009998,63.18,62.813927,2596500
41799,63.240002,64.080002,63.209999,63.700001,63.330917,3331900
41800,63.869999,64.529999,63.09,64.400002,64.026863,2869500
41801,64.400002,64.650002,63.540001,63.68,63.311035,2022300
41802,63.279999,63.549999,61.98,62.27,61.909203,2707700
41803,63.709999,63.709999,62,62.290001,61.929089,2365700
41806,62.450001,62.98,61.84,62.529999,62.167694,1574800
41807,62.549999,63.68,62.5,63.299999,62.933231,2049800
41808,63.740002,63.740002,62.419998,62.919998,62.555435,2391500
41809,63.77,65.029999,62.75,64.989998,64.613434,3578500
41810,65.190002,66.480003,65.110001,66.440002,66.055038,3293900
41813,66.5,67.389999,65.959999,66.059998,65.677238,2275400
41814,66,66.150002,64.220001,64.440002,64.066635,2225200
41815,64.510002,64.989998,63.5,64.580002,64.205818,1666800
41816,64.669998,64.669998,62.919998,63.889999,63.519814,1680100
41817,63.799999,65.089996,63.259998,65.010002,64.633324,1594000
41820,65.760002,66.190002,65,66.18,65.796547,2307800
41821,66.839996,67.660004,66.690002,67.150002,66.760925,2402100
41822,67,67.059998,66.160004,66.599998,66.214119,2033800
41823,67.330002,67.5,66.760002,67.360001,66.969711,670600
41827,67.540001,67.790001,66.580002,66.910004,66.522324,1499200
41828,66.889999,67.25,64.75,65.669998,65.289505,2925600
41829,66.190002,66.809998,65.760002,66.389999,66.005333,1653600
41830,65.010002,65.559998,64.050003,65.43,65.050896,3048800
41831,65.709999,66.5,65.349998,66.419998,66.035149,1419300
41834,66.82,67.440002,66.050003,66.349998,65.965561,1451300
41835,66.349998,66.860001,65.389999,65.760002,65.378983,1976500
41836,66.300003,67.260002,66.120003,67.029999,66.641617,1536800
41837,66.349998,66.470001,64.739998,64.93,64.553787,2961700
41838,65.440002,66.650002,64.940002,66.610001,66.224052,2449300
41841,66.550003,67.400002,65.870003,66.279999,65.895966,2108600
41842,66.5,67.32,66.199997,66.25,65.866142,3434600
41843,66.099998,66.589996,63.639999,64.540001,64.166054,6098900
41844,67,67.300003,64.550003,65.330002,64.951477,5939700
41845,65.5,65.5,62.709999,63,62.634972,6226500
41848,63.029999,63.299999,61.18,62.34,61.978798,5192100
41849,62.110001,62.799999,61.5,61.689999,61.332561,4592100
41850,62.150002,63.73,61.759998,63.380001,63.012772,3723600
41851,62.18,62.720001,61.099998,62.349998,61.988739,3761000
41852,62.57,63.220001,61.66,62.400002,62.038452,2928100
41855,63.02,63.450001,62.25,62.73,62.366535,2490300
41856,62.610001,62.669998,61.57,61.98,61.62088,2462300
41857,61.360001,63.830002,60.57,62.939999,62.575317,3825600
41858,62.73,62.990002,60.189999,60.5,60.149456,3942500
41859,60.560001,61.439999,59.82,61.09,60.736042,2304100
41862,61.52,62.279999,61.52,61.700001,61.342506,1623100
41863,61.66,62.669998,61.110001,62.52,62.157753,1666700
41864,63.560001,63.560001,62.619999,63.02,62.654858,2456600
41865,63.34,63.75,62.740002,63.720001,63.350803,1940200
41866,64.339996,64.379997,62.68,63.889999,63.519814,2154500
41869,62.16,63.34,60.82,63.23,62.863636,6773800
41870,63.110001,63.970001,62.700001,63.259998,62.893463,2680000
41871,63.349998,64.459999,63.259998,64.199997,63.828018,3371400
41872,64.279999,64.449997,63.77,64.029999,63.659004,2672800
41873,64.900002,65.839996,64.199997,65.43,65.050896,3308100
41876,65.720001,65.849998,65.010002,65.540001,65.160255,2019300
41877,65.559998,65.889999,64.709999,64.739998,64.364891,2328600
41878,65.419998,65.699997,64.040001,65.540001,65.160255,1708200
41879,65.779999,66.970001,65.059998,66.959999,66.572029,2681200
41880,69.099998,69.5,67.809998,68.519997,68.122986,5607400
41884,70,70,68.660004,69.07,68.6698,4401100
41885,69.5,70.379997,68.75,69.25,68.848755,4706200
41886,69.339996,69.82,68.800003,69.43,69.027718,3780000
41887,69.839996,71.099998,69.290001,70.989998,70.578674,3674700
41890,71.309998,72.18,70.650002,71.190002,70.777519,4187100
41891,71.029999,73.089996,68.790001,70.019997,69.614296,9013800
41892,70.889999,71,69.589996,70.629997,70.220764,3174800
41893,70.150002,71.459999,70.150002,71.339996,70.926643,2211900
41894,71.419998,71.5,69.910004,69.980003,69.574532,2335100
41897,70.050003,70.580002,68.419998,68.559998,68.16275,2854800
41898,68.400002,70.489998,68.400002,70.260002,69.852913,2222500
41899,71.150002,71.239998,69.879997,70.730003,70.32019,1979800
41900,71.440002,73.709999,70.82,73.010002,72.586975,5016700
41901,73.82,73.82,71.57,71.989998,71.572884,4107200
41904,72.290001,72.550003,70.68,70.800003,70.389778,3149000
41905,70.5,72.260002,70.010002,72,71.582825,2890500
41906,72.260002,72.879997,71.370003,72.209999,71.791603,2368500
41907,72.160004,72.190002,69.599998,69.809998,69.40551,2978200
41908,69.459999,71.370003,69.459999,71.089996,70.678093,1780900
41911,69.889999,70.82,69.129997,70.279999,69.872787,1883300
41912,70.209999,70.279999,67.769997,68.43,68.033516,3848200
41913,68.459999,68.459999,65.690002,66.010002,65.627533,5089500
41914,65.970001,66.480003,63.490002,66.309998,65.925789,5741300
41915,66.610001,68.339996,66.589996,67.370003,66.979652,3399500
41918,67.610001,68.169998,65.860001,66.209999,65.82637,2482900
41919,65.279999,66.260002,64.75,65.199997,64.82222,2633100
41920,65.050003,66.440002,62.869999,66.160004,65.776665,5047600
41921,65.709999,66.160004,63.990002,64.339996,63.967209,3645000
41922,58.07,58.389999,54.709999,56.34,56.013561,18567600
41925,56.709999,57.290001,53.810001,53.900002,53.5877,7030000
41926,55,59.43,54.189999,56.580002,56.252171,8606400
41927,55.27,59.18,54.919998,58.610001,58.270409,6478400
41928,57.189999,62.029999,57,61.060001,60.706215,6535000
41929,63.009998,63.970001,60.32,60.419998,60.06992,5110000
41932,60.150002,61.93,59.700001,61.5,61.143665,2785300
41933,63.34,65.089996,62.810001,64.639999,64.265472,5714000
41934,65.389999,65.870003,63.919998,64.129997,63.758423,4533400
41935,65.989998,66,61.650002,64.18,63.80814,10049500
41936,64.510002,65.900002,64.139999,65.529999,65.150314,3888200
41939,65.370003,65.949997,63.77,65.760002,65.378983,2694200
41940,65.419998,67.650002,65.419998,67.57,67.17849,3246700
41941,67.290001,67.919998,65.540001,67.050003,66.661507,2767800
41942,66.449997,66.879997,63.52,65.410004,65.031013,5669700
41943,67.800003,69.599998,67.199997,68.660004,68.262177,5256600
41946,68.43,69.940002,68.32,69.25,68.848755,3818500
41947,68.580002,69.809998,68.239998,69.669998,69.266319,3271500
41948,70.5,73.589996,70.5,73.360001,72.934944,8166200
41949,73.150002,74.940002,73.150002,73.470001,73.044312,4718000
41950,73.510002,74.199997,71.790001,73.540001,73.113899,3643300
41953,73.919998,74.739998,73.699997,74.389999,73.958977,2221300
41954,73.830002,74.669998,73.129997,73.839996,73.412155,2388300
41955,73.43,73.739998,72.220001,73.400002,72.974716,2141100
41956,73.5,74.800003,72.019997,72.580002,72.15947,2252200
41957,72.480003,73.849998,71.129997,73.730003,73.302803,2036900
41960,73.809998,74.949997,73.790001,74.370003,73.939095,3291000
41961,73.870003,75.32,73.82,74.550003,74.11805,3158700
41962,74.379997,75.07,72.879997,73,72.577034,2785700
41963,72.709999,74.919998,71.800003,74.139999,73.710426,2362200
41964,75.470001,75.839996,73.809998,74.849998,74.416306,3015500
41967,74.870003,76.699997,74.57,76.18,75.738602,3983100
41968,77.190002,77.800003,76,76.150002,75.708786,8096400
41969,75.980003,78,75.669998,77.849998,77.398933,3002400
41971,77.849998,78.339996,77.010002,77.809998,77.359161,1225800
41974,77.629997,77.989998,75.209999,75.879997,75.440338,3352500
41975,75.089996,75.709999,74.139999,75.360001,74.923355,3598100
41976,76.169998,77.25,75.779999,76.849998,76.404724,3673400
41977,77.110001,77.199997,75.339996,76.139999,75.698837,3259100
41978,76.5,77.599998,76.019997,77.230003,76.782524,2495000
41981,77,77.879997,75.440002,76.110001,75.669014,2399700
41982,75.160004,77.059998,74.510002,76.779999,76.335129,2595500
41983,76.610001,77.300003,74.989998,75.150002,74.714569,2553200
41984,76.120003,76.879997,74.709999,74.949997,74.515724,2200300
41985,73.75,74.949997,72.739998,73.389999,72.964775,2349400
41988,74.260002,74.5,71.43,72.129997,71.712067,3617900
41989,71.379997,75.190002,70.349998,72.690002,72.268829,3721900
41990,73.309998,75.559998,72.269997,75.43,74.992958,2115800
41991,77.529999,77.93,76.370003,77.82,77.369102,2898500
41992,78.010002,78.160004,75.870003,76.489998,76.046806,2660400
41995,76.580002,77.739998,76.410004,77.290001,76.842171,1319100
41996,77.800003,77.980003,76.190002,76.269997,75.828079,1494700
41997,76.519997,77.82,76.419998,76.75,76.305305,694500
41999,76.760002,77.389999,76.269997,76.620003,76.176064,768500
42002,77.110001,77.110001,75.910004,76.279999,75.83802,1556000
42003,75.910004,76.18,74.519997,75.580002,75.142082,1839800
42004,75.559998,77.480003,75.379997,76.400002,75.957329,2210100
42006,76.559998,77.879997,75.199997,76.809998,76.364952,2566600
42009,76.910004,77,75.459999,76,75.559647,3929600
42010,75.5,75.769997,72.199997,72.379997,71.960625,4099700
42011,73.040001,74.980003,73.040001,74.330002,73.899323,2713000
42012,75.510002,78.099998,75.43,77.839996,77.388985,2664000
42013,78.349998,80.970001,78.32,80.32,79.854622,5106500
42016,81,81.290001,78.349998,80.349998,79.884445,2924800
42017,81,82.760002,78.57,79.239998,78.780876,3737300
42018,78.019997,80.480003,77.080002,80.07,79.606064,4010400
42019,80.199997,80.75,76.379997,76.610001,76.166115,4790900
42020,76.440002,77.919998,75.800003,77.910004,77.458588,3658500
42024,79.339996,79.339996,77.379997,78.779999,78.32354,3084600
42025,79.269997,80.160004,78.459999,79.300003,78.840538,2608500
42026,79.660004,80,76.93,79.059998,78.601921,3795100
42027,78.93,81.169998,78.139999,80.230003,79.765137,2780500
42030,79.949997,79.949997,78.139999,79.120003,78.661575,2851300
42031,78,78.879997,77.5,78.029999,77.577888,2738600
42032,80.800003,82.139999,78.599998,79.129997,78.671509,5575500
42033,79.400002,80.459999,76.910004,79.870003,79.407227,3256100
42034,79.709999,80.480003,78.150002,79.339996,78.880295,2455900
42037,79.93,80.269997,76.169998,77.870003,77.418823,3131200
42038,77.650002,79.809998,77.379997,79.739998,79.277977,2899000
42039,79.07,80.389999,78.830002,79.75,79.287918,4781200
42040,80,80.75,77.580002,78.269997,77.816498,6640100
42041,78.93,83.440002,78.43,82.290001,81.813202,6118100
42044,82.040001,82.300003,78.690002,80.970001,80.500854,3663900
42045,81.809998,82,80.519997,81.959999,81.485115,3074100
42046,82.089996,83.970001,81.660004,83.860001,83.374107,3188400
42047,83.440002,85.43,83.440002,85.389999,84.895248,2824900
42048,86.139999,86.5,83.980003,84.790001,84.298721,2719700
42052,85,85.279999,83.410004,83.720001,83.234917,2706100
42053,84.519997,85.480003,83.589996,85.360001,84.865417,2119500
42054,85.18,85.690002,84.279999,85.669998,85.173622,2163100
42055,85.610001,85.699997,84.150002,84.660004,84.169479,2103800
42058,84.599998,84.690002,83.629997,84.5,84.010399,1890700
42059,84.660004,85.93,83.620003,85.910004,85.412239,2250600
42060,85.510002,85.849998,84.470001,84.900002,84.408081,1594800
42061,84.919998,86.040001,84.120003,84.959999,84.467735,1840600
42062,85.339996,85.940002,84.519997,84.900002,84.408081,1656900
42065,95.099998,99.900002,95.019997,99.559998,98.983139,23907400
42066,99.949997,100.089996,97.690002,98.730003,98.157951,7326500
42067,98.050003,99.599998,97.309998,99.470001,98.893661,3397600
42068,100,100.860001,98.339996,98.669998,98.098297,3860400
42069,98.800003,99.029999,97.57,98.480003,97.909401,3661000
42072,97.940002,99.190002,97.940002,98.720001,98.148003,3558700
42073,98.230003,98.5,97.110001,97.550003,96.984787,3076200
42074,98.07,98.480003,97.370003,97.949997,97.382469,2157100
42075,96.599998,98.690002,96.529999,98.580002,98.00882,2358000
42076,99.800003,105.120003,99.650002,104.669998,104.06353,8272000
42079,105,105.029999,103.139999,104.370003,103.765274,3956700
42080,103.199997,104.25,102.889999,103.830002,103.228401,2706600
42081,103.459999,105.879997,103.160004,105.360001,104.749535,2757100
42082,105.459999,106.449997,104.699997,105.32,104.70977,1834800
42083,106.830002,108.480003,106,108.029999,107.404068,3407000
42086,108.169998,108.5,104.889999,104.889999,104.282257,3269700
42087,105.010002,105.190002,103.360001,104.040001,103.43718,3231000
42088,104.419998,104.459999,98.580002,100.150002,99.569717,5904000
42089,96.010002,99,93.050003,97.5,96.935074,8746700
42090,98.419998,100.639999,97.239998,99.919998,99.341057,4990500
42093,101.019997,103.989998,101.019997,102.43,101.83651,3732000
42094,101.68,102.550003,100.169998,100.360001,99.778503,2527400
42095,100,100.650002,98.080002,99.75,99.172035,3301400
42096,99.910004,100.889999,98.82,99.269997,98.694817,1958300
42100,97.660004,100.059998,97.160004,99.959999,99.380821,3237100
42101,99.779999,101.800003,99.779999,100.379997,99.798386,3294700
42102,101,102.93,100.410004,101.860001,101.269821,2057100
42103,101.18,102.269997,100.900002,102.099998,101.508423,1392800
42104,102.75,102.879997,100.910004,101.339996,100.752823,1467200
42107,101.230003,101.800003,99.25,100.290001,99.708908,1566700
42108,100.129997,100.519997,97.800003,98.629997,98.058525,2087900
42109,99.300003,100.980003,99.300003,100.75,100.166245,2389000
42110,100.940002,102.529999,100.559998,101.629997,101.041145,1848600
42111,100.129997,100.769997,99.110001,99.730003,99.152161,2072700
42114,100.580002,102.199997,100.120003,101.029999,100.444626,1748900
42115,101.93,101.989998,100.699997,101.239998,100.653404,1347800
42116,101.75,103.120003,100.419998,102.690002,102.095001,1485200
42117,99.900002,101,98.349998,98.580002,98.00882,4554400
42118,98.760002,98.959999,93.760002,95.330002,94.777649,6699300
42121,96.709999,98.139999,96.220001,96.93,96.368378,2932500
42122,97.040001,97.389999,93.449997,96.220001,95.662491,3304500
42123,96.260002,96.400002,94.550003,95.419998,94.867126,2763300
42124,97.139999,99.839996,95.620003,96.120003,95.563072,6248600
42125,95.940002,102.279999,95.800003,100.989998,100.404854,4764000
42128,101.220001,101.669998,98.959999,100.129997,99.549835,2447600
42129,99.300003,100.139999,97.279999,97.440002,96.875427,2936800
42130,97.5,98.699997,96.43,98.489998,97.919342,2417100
42131,98.870003,100.849998,98.559998,100.739998,100.156303,2741800
42132,102,104.800003,101.559998,103.980003,103.377533,4499600
42135,104.099998,104.940002,103.190002,103.57,102.96991,2409100
42136,104.120003,104.190002,101.669998,101.779999,101.190277,2287000
42137,102.230003,103.18,101.5,101.639999,101.051086,2054800
42138,102.550003,103,101.550003,102.660004,102.065186,1901300
42139,103.339996,103.489998,101.75,102.720001,102.124832,2254700
42142,102.849998,103.43,102.089996,103.110001,102.512573,1750300
42143,103.5,105.690002,101.970001,102.790001,102.19442,2834800
42144,102.849998,103.940002,101.889999,102.879997,102.283905,1745400
42145,102.779999,106.879997,101.529999,106.790001,106.171249,4918100
42146,107.059998,108,106.120003,107.18,106.55899,2804100
42150,107.879997,107.970001,105.779999,106.989998,106.370087,2988100
42151,107.120003,111.139999,106.800003,110.709999,110.068535,4104500
42152,111.440002,112.769997,109.599998,110.790001,110.148079,5021200
42153,110.800003,112.809998,110.129997,112.25,111.599609,3591800
42156,113.230003,114,111.339996,111.980003,111.331184,2720300
42157,111.389999,111.730003,109.220001,110.629997,109.988998,3023800
42158,111.739998,111.970001,108.160004,108.230003,107.602913,2947000
42159,107.75,108.650002,105.910004,106.739998,106.121544,2909900
42160,106.410004,107.650002,105.870003,106.980003,106.360153,2276100
42163,107.019997,107.120003,103.400002,103.830002,103.228401,2797500
42164,103.150002,104.190002,101.150002,103.809998,103.208511,2970200
42165,106.32,106.32,104.599998,105.309998,104.699821,2392400
42166,104.949997,105.599998,103.690002,104.690002,104.08342,1559300
42167,103.529999,104.470001,103.410004,103.809998,103.208511,1638900
42170,102.669998,103.169998,101.43,102.790001,102.19442,2659400
42171,103.239998,103.459999,101.629997,103.150002,102.552345,2043800
42172,103.209999,103.879997,102.010002,102.18,101.587959,1940400
42173,102.230003,106.57,102.230003,105.18,104.57058,2957900
42174,105.209999,105.489998,103,104.620003,104.013824,3751500
42177,105.790001,106.440002,103.739998,104.599998,103.993942,2065500
42178,105.360001,105.699997,102.690002,103.419998,102.82077,2541100
42179,103.43,104.199997,102.709999,102.940002,102.343559,1966200
42180,103.370003,103.830002,102.209999,102.629997,102.035347,1367900
42181,101.940002,102.879997,100.160004,100.519997,99.937576,2805100
42184,98.279999,99.949997,96.239998,97.5,96.935074,3170400
42185,98.389999,99.169998,95.790001,98.199997,97.63102,3615800
42186,100.470001,101.169998,97.220001,97.629997,97.064316,2019200
42187,97.5,98.639999,97.25,98.120003,97.551483,1655400
42191,96.709999,99.18,95.870003,96.709999,96.149651,2147200
42192,96.720001,97.300003,91.019997,96.470001,95.911049,5162100
42193,94.760002,95.360001,91.43,92.239998,91.705551,6321300
42194,94,94.989998,89.769997,90.510002,89.98558,5471800
42195,91.75,93.900002,91.75,92.730003,92.192711,4845300
42198,93.900002,94.459999,91.019997,91.800003,91.268112,4316300
42199,92.5,95.419998,91.919998,94.739998,94.191071,3746300
42200,94.75,94.989998,92.75,92.879997,92.341843,3589300
42201,93.480003,93.879997,90.629997,91.790001,91.258163,4979200
42202,92.18,92.610001,89.669998,91.279999,90.751114,3537000
42205,91.830002,91.830002,89.650002,90.010002,89.488472,2896500
42206,89.910004,92.489998,89.870003,92.400002,91.864632,3672900
42207,87.209999,90.589996,85.720001,90.279999,89.756912,8246700
42208,92.389999,94.470001,92.010002,93,92.461151,4950500
42209,94.010002,94.489998,90.080002,90.279999,89.756912,3585700
42212,88.949997,89.459999,86.93,88.220001,87.708847,3189500
42213,89.459999,92.040001,87.370003,91.040001,90.512505,3385300
42214,91.25,93.449997,90.160004,91.800003,91.268112,3985800
42215,96,98.650002,94.199997,97.870003,97.302933,6524300
42216,97.339996,100.260002,96.730003,96.989998,96.428024,4968600
42219,96.470001,98.150002,95.779999,97.970001,97.402359,2814900
42220,95.980003,97.57,93.669998,95.279999,94.727936,5400800
42221,95.279999,97.790001,95.010002,97.019997,96.457855,2900000
42222,97.470001,97.5,93.239998,95.730003,95.175339,3495900
42223,95.279999,96.519997,94.010002,96.339996,95.781792,2170600
42226,96.82,99.470001,96.419998,99.279999,98.704765,2608800
42227,97.529999,98,95.389999,96.279999,95.722137,3586400
42228,92.919998,94.889999,90.050003,93.830002,93.286346,8026100
42229,93.419998,94.419998,91.93,93.650002,93.107384,3662000
42230,93.650002,93.809998,91.379997,91.620003,91.089149,3149700
42233,90.839996,91.669998,89.970001,91.580002,91.049377,4027400
42234,91.639999,92.190002,87.949997,88.339996,87.828148,4688000
42235,89.010002,89.589996,86.43,87.010002,86.505859,5258500
42236,86.160004,86.160004,81.75,82.019997,81.544769,7046900
42237,78.470001,82.970001,78.470001,80.330002,79.864563,6290500
42240,73.589996,83.839996,72.050003,79.260002,78.800766,9160200
42241,83.389999,84.739998,80.639999,80.839996,80.371597,5724700
42242,84.480003,85.389999,80.790001,85.019997,84.527382,4072000
42243,87.660004,88.25,84.970001,86.639999,86.138,5435700
42244,86,87.300003,85.830002,86.730003,86.227478,1937500
42247,85.75,86.589996,84.050003,84.650002,84.159531,2962900
42248,82.07,84.839996,81.32,81.839996,81.365814,3874200
42249,82.809998,84.919998,81.68,84.889999,84.39814,3548300
42250,85.120003,86.849998,84.870003,85.709999,85.213387,2722900
42251,83.860001,86.32,83.709999,84.43,83.940804,2355100
42255,87.129997,91.150002,87,90.68,90.154594,4508100
42256,91.980003,94.900002,88.639999,88.870003,88.35508,4907200
42257,88.099998,89.230003,86.099998,86.879997,86.37661,4039100
42258,86.199997,88.739998,85.129997,88.410004,87.897751,3154400
42261,89.940002,90.519997,88.220001,90.260002,89.73703,2843900
42262,90.849998,92.669998,90.300003,90.470001,89.945816,2793900
42263,90.5,91,89.129997,90.940002,90.413086,2205700
42264,90.809998,92.989998,90.230003,91.019997,90.492615,2804500
42265,89.540001,91.25,88.5,90.080002,89.558067,3299000
42268,90.150002,91.599998,89.300003,90.349998,89.8265,2219000
42269,88.580002,88.879997,86.050003,86.349998,85.849678,3785800
42270,86.410004,87,85.129997,85.57,85.074203,2623900
42271,84.269997,86.489998,80.790001,85.68,85.183563,5411800
42272,86.5,88.559998,85.589996,86.709999,86.207596,2706900
42275,86.75,86.75,82.360001,82.43,81.952393,2664800
42276,83.089996,84.089996,80.879997,82.32,81.843033,2710700
42277,83.75,87.400002,83.709999,87.07,86.565506,3208700
42278,86.089996,86.190002,82.349998,85.339996,84.845528,3733900
42279,83.959999,85.940002,83.080002,85.879997,85.382401,3031200
42282,86.110001,87.75,85.150002,85.300003,84.805771,3164200
42283,84.980003,86.290001,81.93,84.730003,84.239067,4062400
42284,85.5,86.300003,82.720001,84.940002,84.447853,3512300
42285,84.660004,86.709999,82.980003,86.489998,85.988869,3065300
42286,86.010002,88.080002,85.779999,87.32,86.814064,2818200
42289,88.510002,89.919998,87.800003,89.010002,88.49427,3052500
42290,88.029999,88.389999,86.800003,87.019997,86.5158,2348000
42291,87.730003,92.309998,86.629997,91.519997,90.989716,5054500
42292,92.410004,95.160004,92.400002,94.089996,93.54483,4891000
42293,93.93,94.18,92.440002,93.220001,92.679878,2196500
42296,93.519997,94.190002,92.209999,93.419998,92.878716,2059100
42297,93.389999,93.389999,91.610001,91.989998,91.457001,2022900
42298,92.690002,93.660004,91.050003,91.32,90.790878,2379400
42299,93.010002,98.089996,93.010002,97.949997,97.382469,8384300
42300,96.589996,97.690002,93.690002,96.089996,95.533241,6429100
42303,94.599998,95.260002,91.110001,91.410004,90.880363,3659800
42304,91.150002,92.489998,89.18,90.300003,89.776794,3331700
42305,91.699997,92.080002,89.720001,90.919998,90.393196,4979300
42306,74.730003,80.959999,72.529999,73,72.577034,36636200
42307,73.260002,78.779999,73.099998,78.349998,77.896034,15331100
42310,77.639999,80.459999,75.900002,76.629997,76.185997,7128200
42311,76.059998,79.959999,76.059998,78.489998,78.035225,5360900
42312,78.669998,80.050003,78.150002,79.980003,79.516594,4555600
42313,80.099998,80.75,78.309998,79.5,79.039375,3325100
42314,79.510002,81.269997,79.260002,80.889999,80.421318,3595600
42317,80.790001,81.57,79.660004,81.120003,80.649986,2475400
42318,79.5,80.989998,78.650002,80.57,80.103172,4471000
42319,80.32,82.639999,80.309998,81.339996,80.868706,2614000
42320,80.75,81.400002,79.040001,79.440002,78.979721,3261900
42321,79.120003,79.93,77.709999,77.82,77.369102,3013200
42324,77.699997,79.220001,77.370003,78.730003,78.273834,2912900
42325,78.910004,79.449997,78.019997,78.419998,77.965622,2485200
42326,78.150002,82.290001,78.080002,81.910004,81.43541,3997400
42327,81.540001,81.980003,80.230003,80.919998,80.451141,2053500
42328,81.540001,81.540001,79.099998,79.769997,79.3078,2332500
42331,79.07,80.75,78.279999,78.559998,78.104813,3498800
42332,80.010002,84.510002,80,83.339996,82.857117,6991400
42333,83.43,85.510002,82.790001,84.480003,83.990524,3344400
42335,84.900002,88.760002,84.769997,88.360001,87.84803,4197400
42338,88.5,93.459999,88.419998,93.459999,92.91848,26237400
42339,92.720001,94.139999,91.970001,94.089996,93.54483,8001400
42340,93.269997,94.209999,91.449997,91.919998,91.387405,5279900
42341,92.989998,93.879997,89.489998,89.919998,89.398994,5652300
42342,89.849998,91.199997,88.5,90.449997,89.925926,5782300
42345,90.989998,90.989998,86.089996,86.25,85.750259,7653000
42346,85.099998,88.360001,84.900002,87.550003,87.042725,5253200
42347,86.839996,87.349998,85.449997,86.239998,85.740311,5150500
42348,86.669998,89.889999,85.379997,88.459999,87.947449,4852400
42349,86.68,87.849998,83.199997,83.279999,82.797462,3399700
42352,83.169998,83.730003,81.849998,83.440002,82.956543,4774600
42353,83.059998,84.989998,83,83.919998,83.433754,3784500
42354,84.519997,86.199997,83.959999,85.919998,85.422165,2493700
42355,86.910004,87.730003,84.519997,84.580002,84.089943,2701100
42356,83.989998,85.559998,83.010002,84.099998,83.612717,3229700
42359,85.25,85.980003,84.480003,85.279999,84.785881,1657800
42360,85.139999,85.959999,83.910004,85.269997,84.775932,2214300
42361,85.300003,85.589996,84.099998,84.529999,84.040222,2615100
42362,84.889999,87.160004,84.529999,86.419998,85.919273,1079800
42366,85.839996,86,84.400002,85.879997,85.382401,1312100
42367,85.860001,86.559998,84.379997,86.32,85.819847,1988300
42368,85.790001,86.660004,85.57,85.760002,85.2631,1397900
42369,85.43,85.870003,84.150002,84.25,83.761848,2140000
42373,82,84.739998,81.550003,84.440002,83.950752,2524200
42374,85.290001,85.760002,82.230003,82.389999,81.912621,3226500
42375,80.550003,81.650002,78.910004,80.349998,79.884445,5269100
42376,77.93,78.980003,75.900002,76,75.559647,6899900
42377,75.949997,77.830002,74.510002,75.18,74.7444,6958500
42380,75.690002,77.889999,75.440002,77.220001,76.772583,4090000
42381,77.989998,78.769997,76.07,77.779999,77.329338,5373800
42382,77.900002,78.970001,74.029999,74.25,73.819786,3724700
42383,74.010002,74.889999,70.220001,74.510002,74.078285,6260000
42384,70.269997,71.080002,66.93,68.650002,68.252235,9610400
42388,69.889999,71.190002,68.019997,68.43,68.033516,4594100
42389,67.5,71.669998,67.110001,70.809998,70.399719,6683700
42390,71.43,73.580002,70.669998,72.059998,71.642479,4486000
42391,73.599998,75.550003,73.360001,74.720001,74.287071,3519500
42394,74.110001,74.5,72.160004,72.379997,71.960625,2993100
42395,72.75,73.519997,71.169998,71.660004,71.244804,3330600
42396,70.870003,72.199997,70,70.650002,70.240654,2873000
42397,71.150002,71.849998,69.389999,70.279999,69.872787,2555000
42398,71.540001,74.790001,70.75,74.779999,74.346718,3535900
42401,73.940002,76.940002,73.720001,76.339996,75.897675,3018700
42402,75.169998,75.529999,72.32,72.879997,72.457726,3694800
42403,73.529999,73.760002,69.239998,70.779999,70.369888,5659400
42404,74.209999,77,71.790001,76.309998,75.867851,10308300
42405,75.459999,76.489998,70.370003,70.699997,70.290352,4636000
42408,69.07,69.389999,62.419998,64,63.629177,10308500
42409,61.66,66.849998,61.610001,65.540001,65.160255,5345400
42410,66.150002,68.169998,65.709999,66.150002,65.766724,5712800
42411,64.620003,66.709999,64.449997,65.07,64.692978,4432500
42412,66.150002,67.809998,64.75,67.300003,66.910065,3073800
42416,68.900002,69.980003,67.910004,69.440002,69.037666,3921500
42417,69.93,71.769997,69.059998,70.349998,69.94239,4388200
42418,70.440002,70.629997,67.43,67.599998,67.208321,5764800
42419,67.330002,67.330002,66.029999,66.470001,66.084869,4105500
42422,67.150002,69.989998,67,69.910004,69.504936,3631400
42423,70,70.050003,68.169998,68.239998,67.844604,2433700
42424,67.480003,70.150002,66.669998,70.010002,69.604355,2874000
42425,70.540001,70.940002,68.129997,70.900002,70.489197,2725600
42426,71.489998,72.510002,70.879997,72.230003,71.811493,2827300
42429,72.559998,73.400002,71.029999,71.239998,70.827225,2805500
42430,72,74.620003,71.099998,74.230003,73.799904,3610400
42431,74.25,75.919998,74.230003,75.550003,75.112259,2994100
42432,75.650002,75.730003,73.599998,74.519997,74.088226,2671800
42433,75.660004,78.440002,75.389999,76.629997,76.185997,4278700
42436,76.57,78.32,75.440002,76.980003,76.533974,3721800
42437,76.209999,76.790001,74.519997,75.480003,75.042664,2905500
42438,75.559998,76.980003,74.400002,76.730003,76.285423,2803900
42439,77.419998,78.440002,75.389999,77.220001,76.772583,2690300
42440,78.010002,78.389999,77.220001,78.099998,77.647476,3944200
42443,78,79.230003,77.449997,78.809998,78.353363,2373000
42444,78.5,79.220001,77.25,79.07,78.611862,4006800
42445,78.449997,80.099998,78.190002,79.889999,79.427109,4340200
42446,79.160004,81.400002,79.160004,81.220001,80.749405,3757700
42447,81.449997,83.470001,81.239998,83.379997,82.896881,4420800
42450,82.690002,83.599998,81.910004,82.75,82.270538,2140500
42451,81.699997,83.120003,81.389999,83.059998,82.578743,1957400
42452,83.25,83.339996,81.139999,81.220001,80.749405,2043200
42453,80.5,81.32,79.559998,81.25,80.779228,2743400
42457,81.510002,81.760002,79.93,80.870003,80.401436,1402000
42458,80.440002,81.970001,79.440002,81.690002,81.216682,2768000
42459,80.989998,82.099998,80.940002,81.75,81.276329,4776700
42460,81.639999,81.93,80.510002,81.07,80.600273,4030100
42461,80.209999,82.190002,80.050003,82.050003,81.5746,2544400
42464,81.199997,82.480003,80.870003,81.57,81.097374,2001500
42465,80.589996,81.790001,80.400002,81.120003,80.649986,1878300
42466,80.519997,83.169998,80.519997,83.019997,82.538971,1845300
42467,82.5,82.699997,80.989998,81.260002,80.789169,2119700
42468,83.510002,84.589996,82.269997,82.739998,82.260597,3480100
42471,83.540001,84.25,82.940002,82.980003,82.499207,2609300
42472,83.5,83.5,81.629997,82.690002,82.210884,2561200
42473,83.449997,85.449997,83.099998,85.050003,84.557213,4156400
42474,84.32,85.620003,83.739998,85.489998,84.994667,2918300
42475,84.43,84.949997,84,84.379997,83.891098,5343000
42478,84.019997,84.68,83.620003,84.129997,83.64254,3020700
42479,84.07,84.339996,81.959999,82.889999,82.409729,3008900
42480,83.599998,85.610001,83.080002,85.010002,84.517441,3012000
42481,84.830002,84.970001,83.760002,84.139999,83.652489,1610000
42482,83.75,85.400002,82.800003,84.389999,83.901031,3385700
42485,83.790001,84.68,81.889999,83.339996,82.857117,4559400
42486,87.129997,89.790001,85.830002,86.690002,86.187714,18172500
42487,86,88.980003,85.940002,88.940002,88.424675,6553000
42488,88.25,91.18,85.279999,85.870003,85.372467,5494400
42489,86.25,86.419998,83.639999,85.279999,84.785881,8047500
42492,85.120003,86.610001,84.379997,86.339996,85.839729,3664500
42493,85.669998,86.029999,84.510002,85.470001,84.974785,3522600
42494,84.629997,85.540001,83.720001,83.82,83.334335,3340600
42495,85.889999,86.239998,84.830002,85.239998,84.746109,4980200
42496,84.940002,86.330002,84.25,85.360001,84.865417,2762600
42499,85.529999,86.5,84.57,85.040001,84.547272,2246600
42500,85.349998,86.389999,84.760002,86.07,85.571304,1993400
42501,85.540001,86.870003,85.519997,85.589996,85.094086,1574600
42502,85.529999,86,81.949997,83.25,82.767647,4273500
42503,83.589996,84.730003,83,83.07,82.588684,2761900
42506,84.790001,85.940002,84,84.970001,84.477676,2734800
42507,85.650002,85.919998,84.279999,84.75,84.258949,2223700
42508,84.959999,87.519997,84.559998,87.029999,86.525742,3737800
42509,87.019997,87.849998,85.540001,86.43,85.929214,2042500
42510,87.5,88.809998,87,88.389999,87.877861,4149400
42513,89.510002,90.370003,88.82,88.959999,88.444557,2571600
42514,90.349998,91.910004,89.25,91.580002,91.049377,5218800
42515,92.18,92.800003,91,91.949997,91.417229,2923500
42516,91.489998,92.480003,90.940002,91.330002,90.800827,2467000
42517,91.370003,92.779999,91.160004,92.120003,91.58625,2960900
42521,92.809998,94.489998,92.269997,94.489998,93.942513,29172300
42522,94.099998,94.349998,93.459999,94.339996,93.793388,4372000
42523,93.949997,94.099998,93.059998,93.5,92.958252,3837900
42524,94,94,91.690002,92.07,91.536537,4373100
42527,90.660004,90.800003,90.129997,90.260002,89.73703,6656800
42528,90.849998,90.849998,90.290001,90.489998,89.965691,4624200
42529,90.5,90.650002,90.07,90.5,89.975632,3583100
42530,90,90.489998,89.360001,90.290001,89.766846,2590600
42531,89.25,89.690002,87.959999,88.43,87.917633,3477100
42534,87.400002,88.879997,87.25,87.400002,86.8936,3125100
42535,88.040001,88.150002,85.839996,87.370003,86.86377,4106600
42536,87.709999,87.900002,85.82,85.989998,85.491768,4512600
42537,85.029999,86.199997,83.830002,86.129997,85.630951,3679000
42538,86.230003,86.230003,84.150002,85.019997,84.527382,3921000
42541,86.980003,87.269997,85.169998,85.349998,84.855476,3167200
42542,85.879997,86.120003,85.300003,85.870003,85.372467,2473100
42543,85.510002,86.910004,85.440002,85.919998,85.422165,2601700
42544,86.790001,87.389999,86.57,87.360001,86.853828,3102700
42545,81.529999,84.190002,78.800003,80.07,79.606064,10072100
42548,77.5,78,73.620003,75.040001,74.605209,10707300
42549,77.790001,78,75.699997,76.470001,76.026924,4755700
42550,78.139999,79.43,77.720001,78.32,77.866203,5336200
42551,78.300003,78.529999,76.309998,78.339996,77.886086,7010100
42552,77.830002,78.419998,77.559998,77.970001,77.518242,2921200
42556,77.459999,77.589996,75.900002,76.440002,75.997101,3396800
42557,75.940002,76.519997,75.040001,76.050003,75.609367,3073800
42558,76.239998,77.739998,75.93,76.470001,76.026924,3730600
42559,77.059998,79.220001,76.82,79.150002,78.691399,3609100
42562,80.25,80.769997,79.709999,79.839996,79.377396,3821200
42563,80.800003,81.870003,80.279999,80.610001,80.142944,3604000
42564,81.199997,81.449997,80.410004,80.68,80.212532,3033000
42565,78.900002,80.059998,78.230003,79.580002,79.118912,9805900
42566,79.970001,80.25,79.5,79.68,79.21833,2465300
42569,80.559998,81.830002,80.400002,81.730003,81.256454,4206800
42570,81.93,82.419998,81.279999,81.540001,81.067551,2725600
42571,82.160004,84.860001,81.809998,84.169998,83.682312,6433200
42572,84.209999,84.650002,83.129997,83.290001,82.807411,6805200
42573,82.849998,84.629997,82.209999,84.400002,83.91098,4128400
42576,84.18,84.959999,83.639999,83.949997,83.463585,3737900
42577,85.160004,87.940002,85.160004,87.900002,87.390701,9906500
42578,88.82,89.099998,87.029999,87.440002,86.933365,6708600
42579,84.68,87.800003,83.059998,84.349998,83.861267,8976100
42580,84.43,85.830002,83.25,84.089996,83.602768,4311000
42583,84.43,84.5,83.650002,84.230003,83.741966,3791500
42584,84.510002,84.610001,81.669998,81.849998,81.375748,5219700
42585,81.760002,83.220001,81.720001,83.150002,82.668228,2269100
42586,83.459999,84.400002,82.790001,84.25,83.761848,2551900
42587,84.480003,86.309998,84.379997,85.739998,85.24321,2337900
42590,86,87.089996,85.309998,85.919998,85.422165,2420100
42591,86.25,86.970001,86.099998,86.370003,85.869568,1749600
42592,86.559998,86.589996,85.269997,85.720001,85.223328,1850700
42593,86.379997,86.739998,85.690002,86.18,85.680664,1812300
42594,85.489998,86.400002,85.449997,86.029999,85.531532,1398500
42597,86.650002,88.800003,86.32,88.519997,88.007103,3135000
42598,88.5,88.529999,87.330002,87.410004,86.903542,2660400
42599,87.510002,88.300003,87.07,88.260002,87.748611,1880500
42600,88.459999,88.739998,87.400002,87.599998,87.092438,1955000
42601,87.580002,89.040001,87.57,88.379997,87.867912,2533500
42604,88.129997,88.610001,87.790001,88.129997,87.61937,1797200
42605,88.879997,89.169998,87.730003,88.860001,88.345131,2017600
42606,88.629997,89.860001,86.879997,87.349998,86.84388,2977800
42607,87.419998,88.489998,87.410004,87.610001,87.102379,2453700
42608,87.580002,89.290001,87.349998,88.489998,87.97728,2399100
42611,88.690002,89.550003,88.68,88.940002,88.424675,1588300
42612,89.199997,89.610001,88.050003,88.5,87.987221,1894200
42613,88.129997,88.400002,87.510002,88.019997,87.510002,2155700
42614,88.379997,88.989998,87.389999,87.949997,87.440407,3157100
42615,88.25,88.25,87.459999,88.150002,87.639252,2126100
42619,87.889999,87.980003,86.519997,87.830002,87.321106,3001200
42620,87.629997,87.779999,86.589996,86.610001,86.108177,2929600
42621,86.510002,86.839996,85.360001,85.889999,85.392349,3380800
42622,84.800003,84.93,81.220001,81.400002,80.92836,5737500
42625,80.989998,83.199997,80.129997,82.910004,82.429619,4312400
42626,83.150002,83.309998,81.559998,82.5,82.021988,3462900
42627,81.910004,83.550003,81.910004,83.550003,83.06591,2848600
42628,83.480003,85.849998,83.279999,85.540001,85.044373,2851200
42629,85.870003,86.230003,83.449997,83.75,83.264748,3917900
42632,84.349998,84.540001,82.349998,82.989998,82.509148,3380200
42633,83.769997,83.900002,82.480003,82.790001,82.310303,2345400
42634,83.169998,83.669998,82.639999,83.379997,82.896881,1896200
42635,84.300003,84.529999,83.709999,84.389999,83.901031,1845300
42636,84.029999,85,83.529999,83.900002,83.413872,2730500
42639,83.050003,83.739998,82.400002,82.529999,82.051811,2711500
42640,82.230003,83.199997,81.739998,82.43,81.952393,3477000
42641,82.540001,83.400002,81.809998,82.239998,81.763496,2563000
42642,82.110001,98.089996,81.5,96.120003,95.563072,24577600
42643,99.699997,104.639999,99.699997,102.010002,101.418945,23753400
42646,102.980003,105,101.980003,102.760002,102.164604,6897100
42647,102.760002,104.949997,102.5,103.230003,102.631882,5738100
42648,103.190002,104.309998,102.360001,102.5,101.906105,4683700
42649,102.5,105.290001,100.82,103.489998,102.890373,10835100
42650,103.82,103.919998,102.089996,102.989998,102.393265,4721400
42653,102.360001,103.709999,102.050003,102.830002,102.234192,3121800
42654,102.769997,102.769997,100.690002,101.93,101.339409,4392800
42655,101.519997,103.199997,100.75,102.739998,102.144714,2853400
42656,101.870003,102,100.300003,101.839996,101.249931,3388200
42657,102.360001,103.089996,101.129997,101.400002,100.812477,2078300
42660,100.870003,101.940002,100.599998,100.879997,100.295486,1857700
42661,101.650002,102.230003,101.25,101.650002,101.061035,1252900
42662,101.199997,101.650002,100.879997,101.029999,100.444626,1939100
42663,100.480003,107.540001,99.389999,104.489998,103.884575,7829100
42664,105.389999,105.559998,100.800003,101.709999,101.120682,14438900
42667,101.620003,102,100.510002,101.839996,101.249931,3358500
42668,101.650002,101.650002,100.5,100.639999,100.056885,3971000
42669,100.410004,101.150002,97.870003,98.660004,98.088356,6458000
42670,100.360001,100.699997,98.739998,99.080002,98.50592,36614100
42671,99.75,100.260002,99.199997,99.779999,99.201866,13881200
42674,99.809998,100.300003,99.720001,100,99.420593,7926700
42675,100,100.050003,99.330002,99.550003,98.973198,6967000
42676,99.510002,99.669998,99,99.029999,98.456207,5181900
42677,99.25,99.599998,98.690002,98.739998,98.167885,4918500
42678,98.720001,99.25,98.32,98.699997,98.12812,3284600
42681,99.110001,99.339996,98.650002,98.720001,98.148003,5906800
42682,98.800003,99.43,98.550003,99.010002,98.436333,4713900
42683,98.5,98.760002,97.010002,97.279999,96.716354,7985400
42684,97.410004,97.559998,95.879997,96.589996,96.030342,8361900
42685,96.5,98.050003,96.5,97.730003,97.163742,3810200
42688,98,98,96.610001,96.739998,96.179482,4583200
42689,96.629997,98.040001,96.330002,97.800003,97.233345,3477500
42690,97.82,98.690002,97.68,97.830002,97.263161,2306800
42691,98,98.57,97.650002,98.059998,97.491829,2281700
42692,98.510002,99.050003,98.349998,98.879997,98.307076,2341900
42695,99.279999,99.43,98.309998,98.589996,98.018761,2814100
42696,98.949997,99.25,98.339996,98.839996,98.267303,1986900
42697,98.599998,99.519997,98.5,99.330002,98.754471,2019600
42699,99.400002,99.589996,99.139999,99.510002,98.933434,1465600
42702,99.970001,100,98.959999,99.059998,98.486031,4654700
42703,99,99.449997,98.57,98.849998,98.277252,2853700
42704,99.209999,99.349998,98.830002,99.150002,98.575516,4324200
42705,99.019997,99.400002,97.75,97.75,97.183624,5486600
42706,98,98.550003,97.75,97.970001,97.402359,3091500
42709,98.239998,98.339996,97.650002,97.800003,97.233345,2825600
42710,97.559998,98.199997,97.519997,97.809998,97.243271,2247000
42711,98,98.449997,97.57,98.389999,97.819923,2364100
42712,98.650002,98.989998,98.120003,98.150002,97.581314,2020000
42713,98.449997,98.580002,98,98.330002,97.760269,1962200
42716,98.139999,98.5,98.059998,98.139999,97.571365,1954900
42717,98.349998,98.620003,98.080002,98.199997,97.63102,3244200
42718,98.199997,98.389999,97.800003,97.830002,97.263161,3679800
42719,97.75,98.290001,97.699997,97.779999,97.213455,4155400
42720,97.82,97.900002,97.010002,97.190002,96.626877,4814900
42723,97.290001,97.519997,97.040001,97.129997,96.567215,2346500
42724,97.309998,97.769997,96.849998,97.099998,96.537392,2765900
42725,97,97.75,96.949997,97.699997,97.133911,1787900
42726,97.599998,97.910004,97.389999,97.879997,97.312874,1802300
42727,97.900002,98.5,97.800003,98.199997,97.63102,1053100
42731,98.400002,99.209999,98.389999,99,98.426384,1506600
42732,99.110001,99.18,98.360001,98.389999,97.819923,2359300
42733,98.400002,98.639999,98.010002,98.099998,97.531601,1823300
42734,98.160004,98.440002,97.68,98.010002,97.442123,2235200
42738,98.25,98.25,97.550003,97.660004,97.094154,2392800
42739,97.669998,98.360001,97.650002,98.300003,97.730446,3949700
42740,98.480003,98.790001,98.18,98.400002,97.829865,2181800
42741,98.699997,98.720001,97.989998,98.209999,97.640961,2849000
42744,98.25,98.470001,97.970001,98.110001,97.541542,2186200
42745,98.540001,98.790001,98.260002,98.629997,98.058525,2767700
42746,98.489998,98.610001,98.279999,98.480003,97.909401,1726500
42747,98.489998,98.580002,98.260002,98.300003,97.730446,1574900
42748,98.209999,98.620003,97.970001,98.379997,97.809975,2074800
42752,98.5,98.620003,97.610001,97.620003,97.054382,5470200
42753,98.089996,98.339996,97.860001,98.010002,97.442123,1936200
42754,98.139999,98.260002,97.809998,98.059998,97.491829,2464300
42755,98.199997,98.309998,97.68,97.800003,97.233345,2743500
42758,97.5,97.699997,96,96,95.443764,9077800
42759,96.230003,97.32,96.059998,96.699997,96.139709,4200400
42760,96.830002,97.809998,96.830002,97.5,96.935074,3859500
42761,97.43,97.620003,97.110001,97.260002,96.696472,3113400
42762,97.400002,97.989998,97.300003,97.879997,97.312874,2484500
42765,98.050003,98.199997,97.25,98.019997,97.452057,2971400
42766,97.75,98.169998,97.459999,97.849998,97.283043,2699400
42767,98.389999,98.580002,97.75,97.75,97.183624,4621000
42768,98.099998,99.339996,98.099998,99.010002,98.436333,3450400
42769,99,99.5,98.900002,99.459999,98.88372,1840300
42772,99.849998,101.25,99.760002,100.050003,99.470299,12649600
42773,100.650002,101.279999,100.440002,101.269997,100.683228,2716600
42774,101.470001,102.160004,101.040001,102.080002,101.488541,3419200
42775,102,102.169998,101.550003,101.599998,101.011314,1995400
42776,101.760002,102.309998,101.75,101.989998,101.399055,2131100
42779,102.099998,102.489998,101.849998,102.260002,101.667503,1460300
42780,102,102.489998,101.910004,102.279999,101.687378,2148800
42781,102.25,102.739998,102.25,102.580002,101.985641,1725100
42782,102.650002,102.739998,102.410004,102.489998,101.896156,1070000
42783,102.309998,102.779999,102.18,102.400002,101.806686,1335400
42787,102.209999,102.75,102.209999,102.599998,102.005524,1530000
42788,102.599998,102.889999,102.400002,102.650002,102.055237,1576900
42789,102.650002,102.889999,102.459999,102.589996,101.995575,1368300
42790,102.199997,102.860001,102.190002,102.830002,102.234192,2153600
42793,102.580002,102.889999,102.57,102.809998,102.214302,881100
42794,102.650002,103.18,102.300003,102.809998,102.214302,1650200
42795,103.199997,103.440002,102.959999,103.199997,102.602043,1797600
42796,103.120003,103.790001,103.050003,103.610001,103.009674,4282400
42797,103.720001,103.940002,103.440002,103.860001,103.258224,1483700
42800,103.550003,104.099998,103.300003,103.889999,103.288055,1535300
42801,103.860001,104.110001,103.559998,103.769997,103.168747,2881800
42802,103.68,104.029999,103.650002,103.870003,103.268173,5757300
42803,103.760002,104.019997,103.75,103.919998,103.317871,3101400
42804,104.099998,104.230003,103.900002,104.220001,103.616142,3012900
42807,104.099998,104.449997,103.800003,103.989998,103.387474,3592500
42808,103.900002,103.980003,103.709999,103.800003,103.19857,1669500
42809,103.800003,103.970001,103.720001,103.75,103.148865,2702000
42810,103.879997,103.970001,103.279999,103.400002,102.800888,3891400
42811,103.199997,103.379997,102.910004,103.269997,102.671646,3096600
42814,103.25,103.5,103.160004,103.330002,102.7313,1158100
42815,103.199997,103.510002,102.650002,102.940002,102.343559,3273500
42816,102.830002,102.989998,102.599998,102.730003,102.134773,2040700
42817,102.739998,102.980003,102.620003,102.699997,102.104942,1720600
42818,102.809998,103.160004,102.599998,102.989998,102.393265,2153500
42821,102.919998,103.360001,102.699997,103.220001,102.621933,1182200
42822,103.07,103.529999,102.970001,103.18,102.582169,1246300
42823,103.160004,103.669998,103.150002,103.620003,103.019615,1622900
42824,103.330002,104.290001,103.139999,103.75,103.148865,1697000
42825,103.940002,104,103.379997,103.5,102.900307,3326800
42828,103.68,104.419998,103.5,104.269997,103.665848,2955100
42829,104.75,105.260002,104.349998,105.050003,104.44133,7817400
42830,105.480003,105.480003,104.610001,104.800003,104.192787,3961200
42831,104.949997,105,104.339996,104.400002,103.795105,3719200
42832,104.5,104.800003,104.449997,104.550003,103.944229,4128600
42835,104.5,104.68,104.169998,104.169998,103.566429,2051200
42836,104.050003,104.440002,103.870003,103.970001,103.367592,2272100
42837,103.919998,103.989998,103.660004,103.690002,103.089218,3112300
42838,103.699997,103.900002,103.190002,103.230003,102.631882,2697600
42842,103.5,103.690002,103.169998,103.169998,102.572227,1998900
42843,103.199997,103.589996,103.160004,103.309998,102.711411,1495300
42844,103.5,104.419998,103.389999,104.230003,103.626083,3463200
42845,104.449997,104.510002,103.900002,104.43,103.824921,2904200
42846,104.449997,104.449997,104.110001,104.360001,103.755333,1813200
42849,104.5,104.910004,104.410004,104.769997,104.162949,1644800
42850,104.860001,105.279999,104.800003,105.209999,104.600403,2253100
42851,105.110001,105.599998,105.110001,105.470001,104.858902,2824800
42852,105.5,105.580002,105.300003,105.449997,104.839012,1981000
42853,105.400002,105.800003,105.300003,105.75,105.137276,2050000
42856,105.900002,106.160004,105.599998,105.959999,105.346054,1946800
42857,106,106.190002,105.669998,105.760002,105.147217,2297800
42858,106,106.099998,105.599998,105.790001,105.177048,1199200
42859,105.760002,106.970001,105.730003,106.779999,106.161308,4468100
42860,106.57,106.959999,106.379997,106.580002,105.962463,2512700
42863,106.529999,106.970001,106.449997,106.900002,106.280617,2710900
42864,106.660004,107.019997,106.650002,106.769997,106.15136,2151900
42865,106.720001,106.889999,106.580002,106.68,106.06189,3243000
42866,106.550003,106.940002,106.400002,106.860001,106.240845,2924400
42867,106.769997,106.910004,106.5,106.870003,106.250786,4860600
42870,106.779999,107.199997,106.669998,107.040001,106.419807,1854800
42871,106.970001,107.760002,106.93,107.699997,107.075974,6256900
42872,107.260002,107.830002,107.25,107.389999,106.767769,5324200
42873,107.279999,107.5,107.139999,107.269997,106.64846,3252800
42874,107.449997,107.830002,107.449997,107.75,107.125687,2773300
42877,107.870003,108.239998,107.75,108.169998,107.543251,3259300
42878,107.959999,108.199997,107.959999,108.089996,107.463715,2996400
42879,108.110001,108.290001,107.849998,108,107.374237,3686000
42880,108,108.150002,107.800003,107.949997,107.324532,3058800
42881,107.889999,108.239998,107.889999,108,107.374237,2620100
42885,107.910004,108.209999,107.910004,108.139999,107.513428,2111900
42886,109.050003,109.900002,108.980003,109.900002,109.263229,12507100
42887,109.650002,109.709999,109,109.32,108.686592,7465900
42888,109.199997,109.349998,108.860001,109.150002,108.517578,3789000
42891,109,109.32,109,109.220001,108.587173,2537400
42892,109.220001,109.349998,108.849998,108.849998,108.219315,2724700
42893,108.849998,109.32,108.809998,109.209999,108.577225,2903200
42894,109.07,109.400002,108.919998,109.230003,108.597115,2064500
42895,109.230003,109.5,108.169998,108.580002,107.950874,4308300
42898,108.910004,108.910004,108,108.220001,107.592964,2889900
42899,108.449997,109.110001,108.32,109.110001,108.477806,1959100
42900,108.959999,109.419998,108.650002,109.269997,108.636879,2478000
42901,108.779999,109.110001,108.75,109,108.368439,1315700
42902,109,109.400002,108.849998,109.089996,108.457916,2075700
42905,109,109.290001,108.900002,109.150002,108.517578,1808900
42906,109.050003,109.860001,108.970001,109,108.368439,3010300
42907,109.019997,109.220001,108.879997,109.169998,108.53746,2796600
42908,109.150002,109.5,108.989998,109.5,108.865547,3156500
42909,109.5,109.980003,109.470001,109.980003,109.342773,23837000
42912,109.75,109.919998,109.449997,109.730003,109.094215,2437900
42913,109.669998,109.790001,109.419998,109.519997,108.885429,4010400
42914,109.879997,109.949997,109.57,109.900002,109.263229,2210600
42915,109.769997,109.800003,109.029999,109.400002,108.766129,4944800
42916,109.330002,109.510002,109.139999,109.449997,108.815834,2853900
42919,109.5,109.5,109.099998,109.269997,108.636879,1170800
42921,109.269997,109.370003,109.040001,109.199997,108.567284,2315600
42922,109.110001,109.300003,109.050003,109.260002,108.626945,1708600
42923,109.269997,109.379997,109,109.110001,108.477806,3532500
42926,109.050003,109.459999,109.050003,109.32,108.686592,1428800
42927,109.25,109.25,109,109.25,108.616997,1803800
42928,109.199997,109.370003,109.059998,109.169998,108.53746,2861400
42929,109.150002,109.5,109.080002,109.209999,108.577225,2247200
42930,109.199997,109.480003,109.160004,109.400002,108.766129,1782000
42933,109.400002,109.620003,109.370003,109.449997,108.815834,2083200
42934,109.449997,109.639999,109.370003,109.459999,108.825783,1521700
42935,109.449997,109.650002,109.410004,109.599998,108.964966,1302300
42936,109.5,109.809998,109.410004,109.709999,109.074326,1497800
42937,109.599998,109.889999,109.550003,109.860001,109.223465,1321200
42940,109.830002,109.839996,109.550003,109.550003,108.91526,1583800
42941,109.559998,109.93,109.550003,109.709999,109.074326,2426000
42942,109.75,109.949997,109.75,109.93,109.293053,2711500
42943,109.849998,110.43,109.839996,110.339996,109.700676,2846900
42944,110.120003,110.400002,110.050003,110.220001,109.581375,2041500
42947,110.25,110.389999,110.080002,110.330002,109.690735,2535100
42948,110.300003,111.199997,110.199997,111.099998,110.456276,3760200
42949,111.080002,111.220001,110.849998,110.879997,110.237549,3406700
42950,110.519997,111.059998,110.43,110.660004,110.018829,1908400
42951,112.019997,112.790001,111.75,112.419998,111.768631,5618300
42954,112.650002,113.199997,112.419998,112.959999,112.305496,2353300
42955,113.019997,113.389999,112.82,112.980003,112.325386,1577000
42956,112.599998,113.099998,112.57,113.089996,112.434746,1113600
42957,112.849998,112.849998,112.080002,112.120003,111.470375,2215200
42958,111.57,112.279999,111.57,112.199997,111.549904,2038100
42961,112.5,112.800003,112.330002,112.519997,111.86805,1024400
42962,112.650002,112.830002,112.510002,112.830002,112.176254,838200
42963,112.809998,112.849998,112.550003,112.790001,112.136482,498500
42964,112.790001,112.849998,112.339996,112.470001,111.818336,1318200
42965,112.699997,112.699997,112.389999,112.449997,111.798447,704800
42968,112.589996,112.68,112.18,112.349998,111.699028,888500
42969,112.449997,112.739998,112.339996,112.349998,111.699028,514800
42970,112.510002,112.510002,112.300003,112.300003,111.64933,892500
42971,112.379997,112.480003,111.940002,112.010002,111.361008,1174400
42972,112.099998,112.349998,111.900002,112.230003,111.579727,1086000
42975,112.160004,112.739998,112,112.57,111.917755,1287600
42976,112.25,112.599998,112.220001,112.309998,111.659264,1193900
42977,112.309998,112.580002,112.290001,112.400002,111.748749,981100
42978,112.43,113.059998,112.370003,112.959999,112.305496,2329300
42979,112.800003,113.190002,112.800003,112.900002,112.24585,1229800
42983,112.559998,112.849998,112.290001,112.419998,111.768631,1525400
42984,112.57,112.57,111.75,112.160004,111.510139,2330500
42985,112.230003,112.75,112.139999,112.660004,112.00724,933600
42986,112.400002,112.480003,112.160004,112.300003,111.64933,640500
42989,112.5,112.699997,112.260002,112.550003,111.897873,630900
42990,112.660004,112.809998,112.639999,112.779999,112.126541,1041100
42991,112.709999,112.809998,112.599998,112.629997,111.977409,1103000
42992,112.459999,112.75,112.32,112.400002,111.748749,1773600
42993,112.5,112.839996,112.43,112.839996,112.186188,1775700
42996,112.860001,113.230003,112.800003,112.989998,112.335327,1648000
42997,112.910004,113.050003,112.830002,112.919998,112.265732,935400
42998,112.849998,112.949997,112.5,112.550003,111.897873,1244100
42999,112.489998,112.849998,112.339996,112.720001,112.066895,1369000
43000,112.550003,112.769997,112.489998,112.639999,111.98735,733900
43003,112.550003,112.629997,112.360001,112.419998,111.768631,2387500
43004,112.400002,112.599998,112.309998,112.370003,111.718918,1232400
43005,112.400002,112.889999,112.400002,112.730003,112.076836,1190000
43006,112.699997,113.07,112.610001,112.870003,112.216019,1592200
43007,112.959999,113.400002,112.830002,113.089996,112.434746,1806300
43010,113.150002,113.389999,112.849998,113.120003,112.464577,2505600
43011,113.220001,113.43,113.010002,113.360001,112.703178,1228700
43012,113.300003,113.800003,113.099998,113.709999,113.051155,1681900
43013,113.75,113.830002,113.559998,113.68,113.021324,913600
43014,114,114.419998,113.900002,113.949997,113.289764,2859200
43017,114.099998,114.669998,113.989998,114.519997,113.856461,1834600
43018,114.650002,115.169998,114.459999,115,114.333679,2833300
43019,114.940002,115.610001,114.830002,115.459999,114.791016,2268700
43020,115.150002,115.349998,114.800003,115.18,114.512634,1273700
43021,115.68,115.68,115.040001,115.169998,114.502693,1311300
43024,115.510002,115.519997,114.760002,114.940002,114.274033,1369500
43025,114.970001,115.199997,114.919998,115.150002,114.482811,1402500
43026,115.029999,115.510002,115.029999,115.360001,114.691597,2151300
43027,115.150002,115.489998,115.010002,115.489998,114.820839,1196300
43028,115.699997,115.940002,115.400002,115.879997,115.20858,3369000
43031,115.709999,116.440002,115.709999,116.400002,115.725563,1818400
43032,116.5,117,116.400002,116.790001,116.113312,1674000
43033,116.589996,116.790001,116.239998,116.489998,115.815048,1902900
43034,117.660004,118,116.610001,116.620003,115.94429,4338700
43035,116.870003,117.300003,116.82,116.93,116.252495,3128800
43038,116.43,116.970001,116.279999,116.730003,116.053658,2878200
43039,116.699997,117.07,116.5,117.050003,116.371803,2188100
43040,117.050003,117.730003,116.889999,117.300003,116.620361,2902500
43041,117.029999,117.730003,116.57,117.459999,116.779427,3185900
43042,117.449997,118.199997,111.370003,115.019997,114.353561,25791200
43045,115.019997,116.879997,115.019997,116.720001,116.043716,8836900
43046,116.32,116.980003,116,116.660004,115.984062,3361600
43047,116.699997,117.559998,116.25,116.339996,115.665909,5526300
43048,116.120003,116.599998,114.989998,115.309998,114.641876,3342800
43049,115.260002,116.25,115.040001,116.050003,115.377602,2392800
43052,116.120003,116.199997,115.529999,115.650002,114.979919,2472600
43053,115.599998,115.949997,115.019997,115.5,114.83078,3542500
43054,115.419998,115.43,114.720001,115,114.333679,2949700
43055,115.199997,115.879997,115.050003,115.190002,114.522575,3501100
43056,115.379997,115.699997,115.199997,115.5,114.83078,2030600
43059,115.510002,115.910004,115.139999,115.18,114.512634,1414800
43060,115.220001,115.610001,115.150002,115.32,114.651825,1881100
43061,115.32,115.860001,115.07,115.150002,114.482811,1434500
43063,114.809998,115.199997,114.540001,114.650002,113.98571,1942400
43066,114.5,115.080002,114.440002,114.529999,113.866402,2368900
43067,114.650002,114.849998,113.779999,113.790001,113.130692,3850700
43068,113.849998,114.169998,112.5,113,112.345268,6117100
43069,113.110001,114.18,112.949997,113.389999,112.733009,3727800
43070,114.010002,115,113.93,114.779999,114.114952,4934900
43073,115,115.050003,113.75,113.870003,113.210228,2772600
43074,113.699997,114.290001,113.529999,113.75,113.090927,3482900
43075,114.139999,115,113.400002,114.330002,113.667564,2388300
43076,114.5,115.279999,114.25,115.129997,114.462921,2100700
43077,115.150002,115.849998,115.129997,115.290001,114.621994,2112300
43080,116.400002,116.599998,115.629997,115.839996,115.168808,2542600
43081,116.110001,116.32,115.5,115.639999,114.969971,1345800
43082,115.650002,116.099998,115.610001,116.059998,115.387535,1560700
43083,115.959999,116.099998,115.629997,115.879997,115.20858,4910000
43084,115.849998,116.349998,115.470001,116.349998,115.675858,1989700
43087,116.220001,116.919998,116.07,116.790001,116.113312,1332400
43088,116.629997,117,116.300003,116.449997,115.775276,1348000
43089,116.559998,116.889999,116.400002,116.739998,116.063599,1450400
43090,116.730003,116.910004,116.599998,116.699997,116.023827,1012300
43091,116.720001,117.379997,116.610001,116.699997,116.023827,1442500
43095,116.610001,116.839996,116.489998,116.57,115.894585,736600
43096,116.699997,116.870003,116.470001,116.690002,116.013893,9765500
43097,116.629997,117.120003,116.550003,116.980003,116.302216,812400
43098,116.93,117.400002,116.910004,117.089996,116.411568,1577400
43102,117,117.980003,116.800003,117.949997,117.266579,1784200
43103,118.349998,118.529999,117.68,118.080002,117.395836,2873200
43104,118.089996,118.330002,117.660004,117.870003,117.18705,2153500
43105,118.089996,118.309998,117.910004,118.050003,117.366013,1631700
43108,118.650002,118.650002,117.949997,118.279999,117.594673,1258000
43109,118.300003,118.830002,118.260002,118.449997,117.763687,1408600
43110,118.370003,119.269997,118.07,119.150002,118.459633,1868300
43111,119.150002,119.480003,118.75,119.25,118.559052,2576800
43112,119.290001,119.699997,118.989998,119.580002,118.887146,2027200
43116,119.519997,119.900002,119.400002,119.400002,118.708191,2516900
43117,119.339996,119.470001,118.800003,119.339996,118.648537,4177600
43118,119.400002,120.199997,119.400002,120,119.30471,3981600
43119,120.110001,120.669998,120,120.449997,119.752098,4837600
43122,120.699997,121.25,120.550003,121.080002,120.378448,2026200
43123,121.370003,121.459999,120.849998,120.849998,120.149788,2000400
43124,120.75,121.120003,120.25,120.459999,119.762047,1470500
43125,121.239998,121.239998,120.199997,120.199997,119.503548,1526600
43126,120.5,120.989998,120.209999,120.339996,119.642738,2357000
43129,120.07,120.650002,119.510002,120.550003,119.851532,1376600
43130,120.010002,120.410004,119.900002,120.209999,119.513489,2079900
43131,120.550003,120.699997,119.889999,120.32,119.622856,2942100
43132,120.849998,121.5,120.629997,121.300003,120.597176,3660600
43133,121.120003,121.290001,120.5,120.620003,119.92112,2626200
43136,119.540001,120.32,117.860001,118.190002,117.505203,5072500
43137,117.099998,118.769997,117,118.150002,117.465431,4431900
43138,118.150002,118.300003,116.239998,116.410004,115.735512,3993200
43139,118.25,118.75,115.760002,115.940002,115.268234,5688000
43140,116.290001,116.550003,114.769997,115.779999,115.109161,4053400
43143,116.300003,116.900002,115.980003,116.540001,115.864754,1876100
43144,116.209999,117.080002,115.989998,116.199997,115.526718,1903400
43145,115.879997,116.25,114.550003,114.879997,114.214371,4370300
43146,115.389999,117.050003,115.209999,116.919998,116.242554,2289300
43147,116.5,119.029999,116.5,118.5,117.8134,5097200
43151,125.800003,125.93,125.5,125.559998,124.832489,30986300
43152,125.779999,125.919998,125.589996,125.599998,124.872261,11299500
43153,125.75,125.82,125.650002,125.709999,124.981628,7547100
43154,125.68,125.730003,125.330002,125.440002,124.713188,5231000
43157,125.349998,125.449997,124.18,124.459999,123.738869,8208300
43158,124.419998,124.889999,124.400002,124.650002,123.927765,3645500
43159,124.699997,124.779999,124.639999,124.660004,123.937714,2745200
43160,124.370003,124.699997,123.5,123.769997,123.052864,4977000
43161,123.760002,124.300003,123.5,124.089996,123.37101,2903300
43164,125.449997,125.529999,124.699997,124.779999,124.057014,5036900
43165,124.959999,125.089996,124.010002,124.400002,123.679222,4066700
43166,124.029999,124.129997,123.599998,123.779999,123.062805,3054800
43167,124,124.169998,123.650002,123.699997,122.983269,1715200
43168,123.959999,124,123.309998,123.68,122.963387,2533700
43171,123.449997,123.940002,123.279999,123.620003,122.903732,1984100
43172,123.980003,124,122.050003,122.629997,121.919464,6211400
43173,122.75,123.209999,120.989998,122.300003,121.591385,6210700
43174,122.290001,123.089996,121.860001,121.879997,121.17382,2211200
43175,121.900002,122.580002,121.150002,122.25,121.541672,3385900
43178,122.099998,123.5,121.760002,122.629997,121.919464,1529700
43179,122.720001,123.239998,122.709999,123.099998,122.386749,1353500
43180,121.900002,122.440002,121.690002,121.959999,121.253357,3147300
43181,121.559998,121.68,120.5,120.919998,120.219376,3138300
43182,121.800003,121.800003,119.5,120.190002,119.493607,2174700
43185,121.379997,121.949997,121,121.610001,120.90538,3412800
43186,122.160004,122.480003,121.32,121.519997,120.815895,3367900
43187,121.529999,121.760002,116.019997,116.260002,115.58638,11205000
43188,117.25,117.660004,115.449997,117,116.322098,4969400
43192,117,117.07,114.57,115.220001,114.552406,4566100
43193,115.529999,116.489998,115.230003,116.410004,115.735512,3379900
43194,115.199997,115.940002,113.769997,115.43,114.761185,4889200
43195,115.290001,116.150002,114.220001,114.779999,114.114952,4686700
43196,114.239998,114.800003,113.379997,113.730003,113.071045,3927500
43199,114.32,114.75,113.650002,114.339996,113.677505,3190800
43200,115.519997,117.360001,115.400002,116.610001,115.934349,6659100
43201,116.709999,116.940002,115.099998,115.879997,115.20858,4931800
43202,115.879997,115.879997,112.25,114.169998,113.508484,10004100
43203,114.089996,115.650002,112.669998,113.440002,112.782722,6605600
43206,113.470001,113.639999,112.650002,112.830002,112.176254,2488500
43207,112.989998,113.940002,112.830002,113.160004,112.504341,2497600
43208,113.010002,113.589996,112.589996,112.989998,112.335327,1512100
43209,110.080002,110.150002,106.75,107.169998,106.549042,12747600
43210,107.889999,108.080002,103.190002,105.150002,104.540749,16428000
43213,105.599998,106.309998,102.82,103.169998,102.572227,9049400
43214,103.160004,103.400002,100.230003,101.709999,101.120682,12601900
43215,102.300003,102.699997,100.360001,101.190002,100.603699,8249400
43216,102,104.760002,101.970001,102.489998,101.896156,9264100
43217,103.900002,105.82,102.970001,105.400002,104.789307,10043300
43220,105.760002,106.370003,104.75,104.900002,104.292206,4016300
43221,104.910004,105.120003,103.360001,103.989998,103.387474,5134100
43222,104.470001,104.550003,102.040001,102.720001,102.124832,5151800
43223,94.220001,95,90.830002,92.360001,91.82486,31709000
43224,93.349998,100.290001,93.209999,100.279999,99.698967,15639000
43227,100,100.239998,98.099998,98.459999,97.889511,3710500
43228,98.309998,98.989998,96.800003,98.790001,98.217606,3644500
43229,99,99.129997,98.239998,98.639999,98.068466,2425400
43230,98.75,99.290001,98.610001,99.290001,98.714706,2832200
43231,99.080002,99.330002,98.300003,99.010002,98.436333,2280500
43234,109.75,114.660004,108.050003,110.739998,110.098358,23168000
43235,112.080002,112.879997,109.580002,110.050003,109.412361,9077200
43236,108.5,109.800003,106.809998,108.839996,108.209366,9651200
43237,109.75,110.370003,103.07,106.709999,106.091713,8530900
43238,106.400002,113,106.300003,111.019997,110.376732,12282700
43241,114.199997,114.970001,113.07,114.650002,113.98571,9542100
43242,117.690002,117.709999,114.760002,115.459999,114.791016,13172900
43243,114,114.190002,111.889999,112.550003,111.897873,5087400
43244,113,113.239998,109.769997,111.510002,110.863907,4273400
43245,111.480003,117.029999,111.360001,116.790001,116.113312,9197500
43249,119,119.110001,115.18,116.279999,115.606262,10126000
43250,114.730003,116.019997,113.360001,115.580002,114.910324,9240100
43251,115.019997,115.400002,112.510002,114,113.33947,8042700
43252,113.309998,114.75,113.120003,114,113.33947,6789300
43255,110.349998,111.290001,109.32,110.699997,110.058594,5488600
43256,110.769997,118,110.239998,116.360001,115.685799,5544000
43257,115.870003,116,113.370003,114.519997,113.856461,4700300
43258,121.75,122.239998,119.900002,120.07,119.374298,23139100
43259,119.449997,120.43,118.5,120.169998,119.473717,6819800
43262,119,119.150002,117.510002,118.290001,117.604622,4626600
43263,117.050003,117.25,114.830002,115.25,114.58223,6723400
43264,113.379997,114.18,111.279999,111.449997,110.804245,10868500
43265,111.470001,113.300003,110.230003,113.010002,112.355217,9244900
43266,115.75,117.620003,112.510002,113.160004,112.504341,11933700
43269,112.300003,112.349998,110.239998,111.449997,110.804245,6443500
43270,108.470001,109.959999,108.099998,108.989998,108.358498,6860600
43271,108.800003,114.989998,108.800003,112.919998,112.265732,7062400
43272,113.18,113.989998,112.25,112.839996,112.186188,3304600
43273,113.349998,115.110001,112.139999,115.07,114.403275,7211100
43276,113.199997,113.260002,108.870003,110.139999,109.501839,5144400
43277,110.690002,111.269997,108.300003,109.779999,109.143929,4405100
43278,111,112,108.599998,109.360001,108.726364,4133800
43279,109.760002,110.5,109,110.25,109.611198,3259300
43280,110.5,110.989998,109.190002,109.269997,108.636879,4574300
43283,108.599998,108.959999,106.699997,108.800003,108.169601,3916300
43284,108.949997,108.949997,106.25,106.870003,106.250786,2212500
43286,107,107.650002,105.580002,106.68,106.06189,3712600
43287,106.870003,107.860001,106.25,107.470001,106.847305,2870500
43290,107.989998,108,106,107.370003,106.747887,2822600
43291,107.5,111.489998,106.809998,110.360001,109.720566,4193600
43292,105.5,109.099998,105.209999,107.599998,106.976555,5709200
43293,108.809998,108.809998,105.5,108.389999,107.761978,4158200
43294,108.199997,109.800003,106.599998,107.519997,106.897018,4265800
43297,107,107,103.650002,104.050003,103.447128,5967300
43298,103.5,104.900002,100.989998,103.669998,103.069328,9014600
43299,103.709999,108.019997,103.529999,106.489998,105.872986,4799100
43300,103.150002,104.010002,102.110001,103.540001,102.940079,7100500
43301,103,106,102,103.349998,102.751183,9270500
43304,102.080002,105.980003,99.800003,105.089996,104.481094,12777400
43305,105.190002,105.949997,100.209999,100.660004,100.076767,9091000
43306,97.959999,100.910004,94.910004,98.370003,97.800041,19769600
43307,91.839996,94.080002,90.25,92.809998,92.272247,49298100
43308,94,96.57,93.669998,94.970001,94.419731,21620400
43311,95.160004,95.75,94.230003,94.830002,94.280548,14652900
43312,95.5,95.989998,94.779999,95.339996,94.78759,11682100
43313,96,96.080002,95.150002,95.400002,94.847244,8527300
43314,95,95.730003,94.620003,95.599998,95.046082,7547900
43315,95.68,96.089996,94.830002,95.919998,95.364227,7016100
43318,95.970001,96.529999,95.400002,96.290001,95.732086,6821400
43319,96.57,96.57,95.82,95.970001,95.413948,4264900
43320,96.089996,96.150002,95.360001,95.800003,95.244926,4124500
43321,95.360001,95.760002,94.970001,95.68,95.125618,4796700
43322,93.959999,94.699997,93.699997,94.559998,94.012108,9381000
43325,94.690002,94.690002,92.379997,93.160004,92.620224,8900200
43326,93.089996,93.239998,90.300003,91.190002,90.661644,10669900
43327,89.709999,89.949997,86.669998,89.760002,89.239929,15241200
43328,90.059998,90.25,89.260002,89.639999,89.120621,4169200
43329,89.370003,90.169998,88.599998,89.769997,89.249863,5833000
43332,89.93,90.730003,88.400002,90.129997,89.607773,6460100
43333,90.540001,92.540001,90.07,91.959999,91.427177,7318100
43334,91.349998,91.900002,90.550003,91.220001,90.69146,5669500
43335,91.769997,91.769997,90.099998,90.68,90.154594,5518900
43336,90.82,92.269997,90.690002,91.980003,91.447067,7316300
43339,92.32,92.580002,91.699997,92.309998,91.775146,5964000
43340,92.639999,93.459999,92.419998,93.190002,92.650055,7418500
43341,93.199997,94.110001,92.690002,93.82,93.276398,5507700
43342,93.199997,93.480003,91.779999,92.190002,91.655846,5222500
43343,92.080002,93.339996,92,93.139999,92.600334,4057600
43347,93.300003,94.900002,93.150002,94.660004,94.111534,7915400
43348,94.599998,94.709999,92.919998,93.879997,93.336044,7533500
43349,93.879997,94.389999,93.290001,93.989998,93.445412,9140900
43350,94.5,95.059998,93.160004,94.019997,93.475235,10214100
43353,94.099998,95.139999,93.559998,93.68,93.137207,8539900
43354,93,93,88.260002,89.57,89.051025,15011100
43355,88.410004,88.839996,84.589996,88.800003,88.285484,15937100
43356,90,92.25,89.589996,91.910004,91.377464,9852500
43357,92.25,93.419998,91.449997,92.760002,92.222542,7293800
43360,93.620003,93.75,90,90.150002,89.627663,4110200
43361,90.150002,91.940002,89.900002,91.68,91.148804,4465000
43362,91.269997,92.279999,91.269997,92.18,91.645905,3977200
43363,92.919998,94,92.550003,93.889999,93.345993,5995900
43364,94,94.18,92.620003,93.730003,93.186928,9068400
43367,92.790001,93.160004,90.800003,91.089996,90.804413,4525800
43368,90.120003,90.389999,86.309998,86.510002,86.238777,12705200
43369,86.370003,86.860001,84.349998,85.290001,85.022598,9662400
43370,85.900002,86.690002,85,85.519997,85.251877,5012200
43371,85.139999,85.959999,84.519997,85.5,85.231941,4910300
43374,86.43,86.989998,84.93,85.029999,84.763412,6007500
43375,84.730003,86.199997,84.449997,85.080002,84.813255,4058600
43376,85.620003,86.370003,84.470001,86.120003,85.849998,4423100
43377,85.599998,85.669998,82.18,82.949997,82.689934,7525600
43378,83,83.489998,80.709999,83.209999,82.94912,6544000
43381,82.559998,82.959999,81.540001,82.150002,81.892441,3324800
43382,81.809998,82.5,80.699997,80.980003,80.726112,3237600
43383,80,80,77.699997,78.160004,77.914955,7068300
43384,78.720001,80.169998,76.639999,77.290001,77.047684,7109600
43385,80.010002,80.5,77.349998,78.559998,78.313698,5817300
43388,78.440002,78.900002,77.839996,77.889999,77.645798,2977600
43389,78.870003,81.260002,78.5,81.190002,80.935455,5462800
43390,81.860001,81.980003,79.639999,79.870003,79.619591,4110500
43391,79.599998,79.980003,77.459999,77.699997,77.45639,4918800
43392,78.669998,79.389999,76.260002,77.699997,77.45639,5204800
43395,78.519997,79,76.370003,76.480003,76.240219,4223000
43396,75,78.68,74.019997,77.720001,77.476334,6462700
43397,75.230003,75.559998,71.029999,71.230003,71.006683,9901300
43398,72.099998,74.199997,71.410004,73.75,73.518776,7015000
43399,72.779999,73.040001,70.25,70.949997,70.727554,6515300
43402,73.150002,74.300003,69.720001,70.720001,70.498276,6699800
43403,70.300003,75.699997,70.160004,75.489998,75.253319,6276100
43404,76.32,76.610001,74.059998,74.989998,74.75489,6109100
43405,80.919998,85.919998,79.970001,84.089996,83.826355,19551300
43406,84.5,85.199997,82.690002,84.080002,83.816391,12556100
43409,83.730003,83.860001,81.43,82.860001,82.60022,4253500
43410,82.800003,84.589996,82.660004,84.540001,84.274948,3643700
43411,85.139999,85.620003,83.75,85.449997,85.182091,3734900
43412,84.620003,86.32,84.400002,84.620003,84.354698,4054500
43413,83.809998,84.07,81.830002,83.690002,83.42762,3508000
43416,82.160004,82.5,79.209999,79.279999,79.031441,4321900
43417,80,83.129997,79.5,81.75,81.493698,3269600
43418,82.779999,83.900002,81.279999,82.080002,81.822662,2373200
43419,81.68,85.410004,81.339996,84.620003,84.354698,5076700
43420,83.129997,85.150002,82.730003,84.970001,84.703606,3970800
43423,84.580002,85.370003,81.269997,81.360001,81.104919,3510100
43424,80.660004,82.800003,79.529999,81.410004,81.15477,8756500
43425,82.839996,84.150002,82.040001,83.139999,82.879341,3638900
43427,82.470001,83.82,82.139999,82.610001,82.350998,729700
43430,84.190002,84.339996,81.769997,81.940002,81.683105,3353700
43431,81.529999,82.419998,80.889999,80.889999,80.636391,3151700
43432,81.519997,83.07,80.349998,83.019997,82.759712,3618300
43433,82.419998,84.059998,82.419998,82.910004,82.650063,2429700
43434,82.910004,83.419998,80.599998,83.370003,83.10862,4447600
43437,86.959999,87.400002,85.269997,85.669998,85.401405,6123500
43438,85.110001,86.32,81.75,81.82,81.563477,6129400
43440,79.830002,82.080002,79.330002,82.050003,81.792763,3820900
43441,81.120003,82,76.400002,76.5,76.260155,4156900
43444,76.410004,77.599998,74.160004,76,75.761726,5060900
43445,78.389999,80.660004,77.870003,78.879997,78.63269,4347100
43446,80.059998,81.360001,79.410004,79.739998,79.489998,6120500
43447,80.43,80.43,78.07,78.830002,78.830002,5182800
43448,77.449997,79.449997,77.279999,77.57,77.57,3194400
43451,77.099998,78.110001,74.629997,75.269997,75.269997,3467200
43452,76.209999,78.540001,75.989998,77.010002,77.010002,5195400
43453,76.5,77.309998,71.269997,71.309998,71.309998,6093200
43454,71.440002,73.309998,71.040001,71.949997,71.949997,5987700
43455,72.269997,73.019997,70.080002,70.339996,70.339996,5976600
43458,70.339996,70.5,67.68,67.709999,67.709999,2267900
43460,68.5,72.300003,67.620003,71.769997,71.769997,5229200
43461,70.709999,73.010002,69.93,73.010002,73.010002,3472600
43462,72.779999,73.720001,71.709999,72.129997,72.129997,4134900
43465,72.589996,73.279999,71.769997,73.279999,73.279999,3739100
43467,71.910004,75.290001,71.559998,75.029999,75.029999,4720900
43468,73.309998,74.199997,71.730003,71.970001,71.970001,5356900
43469,73.360001,75.790001,73,75.449997,75.449997,4866700
43472,75.610001,77.010002,74.889999,76.010002,76.010002,3515700
43473,76.459999,77.040001,75.559998,76.440002,76.440002,4009000
43474,77.449997,79.989998,77.18,79.940002,79.940002,6325800
43475,79.099998,80.139999,78.25,80.029999,80.029999,3116100
43476,79.260002,80.949997,78.959999,79.480003,79.480003,3447900
43479,78.300003,79.410004,77.809998,78.610001,78.610001,3335900
43480,78.839996,79.300003,77.470001,78.07,78.07,5438800
43481,78.5,79.959999,78.300003,78.339996,78.339996,5619500
43482,78.900002,79.449997,77.589996,79.139999,79.139999,5297000
43483,80.050003,81.940002,79.620003,80.790001,80.790001,8818900
43487,80.18,80.25,78.529999,79.089996,79.089996,5039900
43488,80.010002,80.5,78.290001,78.900002,78.900002,3480800
43489,81.510002,85.190002,81.18,84.25,84.25,8390300
43490,85.599998,86.620003,85.059998,85.239998,85.239998,5673700
43493,83.629997,85.75,82.610001,85.660004,85.660004,3655600
43494,85.419998,86.120003,84.809998,85.739998,85.739998,3496300
43495,86.650002,88,85.639999,87.720001,87.720001,5051400
43496,87.25,87.830002,86.529999,87.029999,87.029999,3046900
43497,87.139999,89.699997,87.099998,88.400002,88.400002,4916000
43500,88.040001,88.699997,87.220001,88.699997,88.699997,3253500
43501,88.57,90.690002,88.5,90.239998,90.239998,5821400
43502,92.489998,94.639999,91.82,92.449997,92.449997,9862900
43503,87.43,91.629997,87.150002,90.730003,90.730003,8803900
43504,88.639999,89.639999,86.779999,87.510002,87.510002,5589200
